"","randomID","onPhone","make","model","osVersion","os","browser","filter","filterOn","mode","brightness","colour","accessibility","months","hours","filters","location","room","lighting","age","gender","genderSelfDescription","colourDeficiency","trueTone","trueToneOn"
"1","0ImJmLrmJU3owafgtveadmTE","yes","Samsung ","Sm5990b2/ds","RZCTB0LCA4V","android","Chrome","yes","yes","dark","yes","don't know","don't know","24","8","none","campus","AH-G4","majority artificial","19","female","","no","",""
"2","0uBeBQLvaRNSoOyhZjhi2Zgt","yes","iPhone ","iPhone 14","17.6.1","ios","Safari ","no","","dark","yes","don't know","no","10","8","none","campus","Pevensy 1B4","majority artificial","22","female","","no","don't know",""
"3","0v8hNsn1xHpZZIRNATk7WhrU","yes","iphone ","14","17.6.1","ios","safari","no","","dark","yes","don't know","no","24","5","none","campus","1B04","completely artificial","19","female","","no","yes","yes"
"4","1JlUblC9mTAjzHed1mMDbbIY","yes","iPhone 13 ","iPhone 13 Pro Max","IOS 17","ios","Safari","no","","dark","yes","no","no","24","5","none","home","","completely natural","19","male","","no","don't know",""
"5","1mJoRuwAfzSvpT2EZ4ilvK5n","yes","iphone","iPhone 12","16.6.1","ios","safari","no","","dark","yes","don't know","no","2","5","none","home","","majority artificial","19","female","","no","don't know",""
"6","1PHpLaKwvgq46r1PygaaZuyh","yes","Samsung Galaxy ","SM-A125F/DSN","Android version 12","android","Google Chrome","no","","dark","no","don't know","no","48","3","none","campus","Pevensey 1B4","completely artificial","20","female","","no","",""
"7","1Twpf2GLIRmEEVcYihQuVLRN","yes","Iphone","iPhone 15","IOS 17.6.1","ios","Safari ","no","","dark","yes","don't know","no","6","6","none","campus","Pev 1B4","completely natural","20","female","","no","yes","yes"
"8","25kvErr25ZMe7GNmgPvkYZaq","yes","Iphone","12 pro max","iOS 18","ios","Safari","no","","other","no","yes","no","24","6","none","campus","Penney 1b4","majority artificial","19","female","","no","don't know",""
"9","2h5g6TLCORqYF8EVgcMe5Eiy","yes","Samsung galaxy s20","SM-G981B/DS","5.1","android","Chrome","yes","yes","light","yes","don't know","no","15","6","none","campus","Pev-1B4","majority artificial","20","female","","no","",""
"10","2iGU52xZAXIiD8ftjeS0uNoa","yes","iPhone XR ","Xr ","17.6.1","ios","Safari ","no","","light","yes","no","no","15","6","none","campus","B104","majority artificial","19","female","","no","don't know",""
"11","2NtalT0GrNBKp2UxA4LE6w4j","no","Laptop- Lenovo","N/A","N/A","android","Safari","no","","don't know","no","no","no","14","2","none","campus","Pevenesy 1- 1B4","majority artificial","19","female","","no","",""
"12","2pxBoru8JxYKWnM7wX2rvy22","yes","iPhone ","Na","Na","ios","Safari","no","","light","don't know","don't know","no","30","8","none","campus","Pevensy 1B5","majority artificial","20","female","","no","don't know",""
"13","2qAUMUTVx6GInpV20RzuwCQk","yes","Apple","iPhone 15 Pro Max","IOS 18","ios","Chrome","no","","light","yes","yes","no","2","2","none","campus","1B","majority artificial","22","female","","no","don't know",""
"14","2RH8zFus98dPyxWi3XZTD3eu","yes","apple iphone","iphone 11 pro","17.6.1","ios","chrome","yes","yes","light","yes","yes","no","36","8","none","campus","Pevensey 1B4","majority artificial","19","female","","no","yes","yes"
"15","2uPZ76uNBJ8LO6IRgvbY0yBn","yes","I phone ","15 pro","17.5.1","ios","Safari","don't know","","don't know","yes","don't know","don't know","1","8","none","campus","AH-G4","majority artificial","19","female","","no","yes","yes"
"16","2zaj5eifOiJ589OZNVCJ5mGJ","yes","iPhone 14 Pro max","A2894","18.0","ios","Safari","no","","dark","no","don't know","no","20","7","none","campus","AH-G4","majority artificial","19","female","","no","don't know",""
"17","3MGZrC6tvstI7IkzTHRbo8qb","yes","apple","iPhone 13 Pro","18.0","ios","safari","no","","dark","yes","don't know","no","18","6","none","campus","pevensey 1 1B4","majority artificial","19","female","","no","don't know",""
"18","3YDTZf4qjX6y6JT5HZ04W55b","yes","iphone","MWLX2B/A","ios 18.0","ios","safari ","yes","no","dark","yes","no","no","38","4","none","campus","Pevensey1 1B4","majority artificial","19","female","","no","yes","yes"
"19","4ccfzkOESR3ZCRKfy2Gc7wqz","yes","iphone","11","17.6.1","ios","safari","yes","no","dark","yes","don't know","no","15","3","none","campus","Pevensey computer 1B4","majority artificial","19","female","","no","don't know",""
"20","4slQ40w48W8IX1gHVNbRG9v4","yes","Samsung","S21","Android","android","Google","yes","yes","dark","don't know","don't know","no","6","10","none","campus","Silverstone sb 325","completely artificial","19","prefer not to say","","no","",""
"21","4ZU6Bh3xuxwwr2w7Q92RedTO","yes","iPhone ","MWLX2B/A","18.0 ios","ios","Safari","no","","dark","yes","yes","no","15","6","none","campus","B04","majority artificial","21","female","","no","don't know",""
"22","5bpknR5O2HDMnBPeBuMT8xfy","yes","iPhone 12","MGJC3B/A","iOS 17.6.1 (21G93)","ios","safari ","don't know","","light","yes","don't know","no","24","8","none","campus","Silverstone SB325","completely artificial","20","female","","no","don't know",""
"23","5cd6sQE9V86GK98l6KFi8cyQ","yes","Apple iPhone 12","iPhone 12","17.6.1","ios","safari","no","","dark","yes","yes","no","30","3","none","campus","1B04","majority artificial","19","female","","no","yes","yes"
"24","5eoU0r9xqCaYzPvjmcr71unP","yes","iPhone ","iPhone 15","MTP03ZD/A","ios","Chrome ","no","","light","yes","no","no","9","3","none","campus","Ashurst","majority artificial","19","female","","no","don't know",""
"25","5ftvuvsJ85Negkm2isv95oAw","yes","iPhone ","Iphone SE","IOS 17.6.1.","ios","Chrome ","no","","light","yes","don't know","no","18","4","none","campus","Pev 1- 1B4","majority artificial","19","male","","no","don't know",""
"26","5FwWeV34SIELlFdi85HAcfhw","no","levono","Levono V15 G3 ABA","windows 11: 23H2","ios","Microsoft edge","no","","dark","no","no","no","13","4","none","campus","Pevensy1 1B4","majority artificial","20","female","","no","don't know",""
"27","5gv9kGXDh1SN0mnD4Fm6kIFf","no","n/a","ios laptop","n/a","ios","chrome","no","","light","no","no","no","13","15","none","campus","1b4","majority artificial","20","female","","no","don't know",""
"28","5xo17dklMASysrVezyDVpdMR","yes","iPhone","13","17.6.1","ios","Safari","no","","other","yes","don't know","no","1","10","none","campus","AsH-64","completely artificial","19","male","","no","yes","no"
"29","6kn6sPw2BQf1qHVyoNKvYFqu","yes","Apple","MLPK3B/A","17.6.1","ios","Safari","no","","light","no","no","no","27","4","none","campus","Ashdown house G4","majority artificial","20","female","","no","don't know",""
"30","6oE2mxxYkTRkBMrirgFdUIRO","yes","Iphone","iPhone 11","iOS 17.6.1","ios","Google","don't know","","dark","yes","don't know","no","39","7","none","campus","Pevensey 1B4","majority natural","19","female","","no","don't know",""
"31","6tKXIfzVMI49eghfaOcWJQ4t","yes","Iphone","iPhone 13 Pro ","17.6.1","ios","Safari ","no","","dark","yes","don't know","no","24","6","none","campus","Ah g4","completely artificial","20","female","","no","don't know",""
"32","76sQUB1GMqN3Z5ZAH2OxFqng","yes","Apple","IPhone 14","Ios 18","ios","Safari","no","","dark","yes","no","no","2","4","none","campus","Pevensy 1 1B5","majority artificial","19","female","","no","don't know",""
"33","79vELZl26ORxQfUDYlP5eDyl","yes","Apple","Iphone 12","17.6.1","ios","Safari ","don't know","","light","yes","don't know","no","36","5","none","campus","Pevensey 1B4","majority artificial","21","female","","no","don't know",""
"34","7bMqRCovtr7PcaI1pWQ9YzMx","no","n/a","n/a","n/a","ios","n/a","no","","dark","yes","don't know","don't know","0","0","used laptop","campus","pevensey 1b04","majority artificial","20","female","","no","don't know",""
"35","7GD9xVHjx7spRmeVzT5Szpvj","yes","iPhone","iPhone 13 Pro","iOS 17.6.1","ios","Safari","no","","dark","yes","no","no","40","8","none","home","","majority natural","19","male","","no","don't know",""
"36","7qEDcOF7Q7jBy8CVqGT8IN5u","no","DELL PC","DELL PC","DELL PC","android","Chrome","no","","light","no","no","no","1","1","none","campus","Pevensey 1B4","majority artificial","19","male","","no","",""
"37","7qvfKMyk7kL8RwHqTKo7WqNE","yes","i phone","i phone 14","iOS 17.6.1","ios","Safari","no","","light","no","no","no","36","5","none","campus","Pevensy 1 1B4","majority artificial","20","female","","no","no",""
"38","7SDXW0UkjKBs8BL5YVGEmFWF","yes","iphone","11","17.6.1","ios","Safari ","don't know","","light","yes","don't know","don't know","36","5","none","campus","AH- G4","majority artificial","19","female","","no","no",""
"39","7ydaw38u7SUAtK6i19CzlwoJ","yes","iphone ","iPhone 15","iOS 17.6.1","ios","Safari","yes","no","dark","yes","don't know","no","6","6","none","campus","pevensey 1b04","majority artificial","19","female","","no","yes","yes"
"40","82Ic8LjrWmJda97WuqBbCizA","yes","Android ","S20 fe","13","android","Safari","don't know","","light","no","don't know","don't know","36","6","none","campus","1B04","majority artificial","19","female","","no","",""
"41","88qF4C6dBOi169bV3VIw6jQt","yes","Google Pixel ","Pixel 7a","Android version 14","android","Chrome ","no","","dark","yes","don't know","no","28","3","none","campus","Pevensey 1B04","majority artificial","26","male","","no","",""
"42","8FAy93Lqtph2i3SG9hByeuyj","yes","Apple ","Iphone 13","17.1.1","ios","Duck Duck Go","no","","light","yes","yes","no","8","3","none","campus","AH-G4","majority artificial","23","male","","no","yes","yes"
"43","8mCBYnCEt8nIpBbHWQL4KrxQ","yes","apple iPhone","iPhone 15","17.6.2","ios","safari","no","","dark","yes","no","no","9","7","none","campus","Pevensley 1 1B4","majority artificial","19","female","","no","don't know",""
"44","8Olrml3VwouccA6gEqIankuG","yes","Iphone","SE 2nd generation","iOS 17.5.1","ios","Safari","yes","no","dark","yes","don't know","no","48","10","none","campus","Room 1b4 pevensey 1","majority artificial","19","female","","no","yes","yes"
"45","8OMwDr0aUXZFEokauz14HUPV","yes","Apple by","MLPK3B/A","17.6.1","ios","Google ","no","","dark","no","don't know","no","12","6","none","campus","AH-G4","completely artificial","19","male","","no","don't know",""
"46","8XEUHMuVQyy5195NPzOPtCVB","yes","iPhone ","iPhone 14","iOS 18","ios","Safari","no","","light","yes","no","no","18","1","none","campus","Pevensy 1 1b4","majority artificial","19","female","","no","don't know",""
"47","9FBgHzons3LWtGehcvH0eb2B","yes","iphone ","iphone 11","17.1.2","ios","safari ","don't know","","light","yes","don't know","don't know","24","2","none","campus","1b4","majority artificial","18","female","","no","don't know",""
"48","9lGq11GQlHqqTNmr3tQuSMjE","yes","iPhone ","11 mini","17.5.1","ios","Safari","no","","dark","yes","no","no","16","5","none","campus","Pevensey 1 1B04","majority artificial","21","female","","no","don't know",""
"49","9tXTiIwsMMBAlw8TFq7SfWTw","yes","apple ","iphone 12","ios 16.1","ios","safari","no","","light","yes","yes","don't know","14","8","none","campus","Pevensey 1B4","majority artificial","20","female","","no","yes","yes"
"50","a6qWMqtEsSU8T2vliynO0zJw","yes","iPhone 11","MHDH3F/A","17.6.1","ios","Safari","no","","dark","no","don't know","no","2","4","none","campus","Pevensey 1B4","majority artificial","21","male","","no","don't know",""
"51","AAHUXj815ptoOu32klZDPCOO","yes","iphone","14","ios 17","ios","safari","no","","dark","no","don't know","no","21","5","none","campus","pevensey 1b4","majority artificial","20","female","","no","yes","no"
"52","ABFZKkEllPWqXyxmvF8uQa9M","yes","iphone ","iPhone 11","ios 17.3.1","ios","google","no","","dark","yes","don't know","no","21","6","none","campus","pevensey 1B4","completely artificial","19","male","","no","don't know",""
"53","absxpx1Cl3KtwrqtHP7KSzhR","yes","iPhone 11","MWLT2B/A","17.6.1","ios","Safari","no","","dark","yes","don't know","no","24","4","none","campus","1B04","majority artificial","19","female","","no","don't know",""
"54","aejO2pJ6JReN3FMPsvQ6eZQP","yes","iphone 15","MTP03ZD/A","17.6.1","ios","safari ","no","","don't know","yes","don't know","no","4","3","none","campus","SB325","completely artificial","23","female","","no","don't know",""
"55","AeUbFMzC0qEl9bJkPHROjDDh","yes","iPhone","iPhone 15 Pro","17.6.1","ios","Safari","no","","dark","yes","don't know","no","2","5","none","campus","Pevensey 1 1B4","majority artificial","19","female","","no","don't know",""
"56","ahsDCIenOax9HrUDO4uvMpZX","yes","Apple Iphone ","iPhone 13 mini","17.6.1","ios","Safari","no","","light","yes","don't know","no","12","7","none","campus","AH-G4","completely artificial","19","female","","no","yes","no"
"57","aiyR4E52HhZodih4m5sW7Izv","yes","iphone","iPhone 13","iOS 17.6.1 (21G93)","ios","safari","don't know","","light","yes","don't know","no","15","8","none","campus","AH-G4","completely artificial","19","female","","no","yes","yes"
"58","AKPSJr6kYkzdtVgHkMxS2ndJ","yes","iPhone","Iphone 13","17.6.1","ios","Safari ","no","","light","yes","no","no","2","3","none","campus","Pevensey 1 1B4","majority artificial","19","female","","no","don't know",""
"59","amGtJQHMfzmOeYC5IYjD6O1u","no","MACbook Pro ","2021 ","M1 chip","ios","safari","don't know","","dark","yes","don't know","no","72","50","none","campus","","majority artificial","21","female","","no","don't know",""
"60","aMysd4qryNYpmvQBxUdfUZWC","yes","iPhone 14","MPVN3ZD/A","A2882","ios","Safari ","no","","dark","no","no","no","9","7","none","campus","Lab ","majority artificial","20","female","","no","don't know",""
"61","aoG9dL12vKOktf0SWASGj672","yes","Iphone","MHDA3B/A","iOS 16.6.1","ios","Safari","yes","no","dark","yes","don't know","no","24","7","none","campus","AH-G4","completely artificial","19","female","","no","don't know",""
"62","AS5BfhwCcw4HL4lIoOOsyMxJ","yes","Iphone","IPhone SE ","IOS 17.6.1","ios","Brave/Safari","no","","dark","don't know","don't know","no","12","8","none","campus","Pevensey 1 1B5","majority artificial","19","prefer not to say","","no","don't know",""
"63","ASu9mMoGyDV2pRQEYkQmxdFS","yes","Motorola","Moto g73 5g","14","android","Google chrome","no","","dark","no","no","no","17","2","none","campus","Pevensey 1 1B5","majority artificial","21","female","","no","",""
"64","AuyG0vuB47wfBL066aV2Ck0o","no","Asus Zenbook","not a phone","not a phone","android","Chrome","don't know","","dark","yes","yes","no","1","1","none","campus","pevensey 1  1b4","majority artificial","19","female","","no","",""
"65","AyYbVgjAvV3vWVpYBM5iF0rN","yes","iphone","iphone 14","17.5.1","ios","Safari ","don't know","","dark","yes","no","no","16","4","none","campus","Pevensey 1B4","majority artificial","19","female","","no","don't know",""
"66","BAHAeFtYY7f5ZY2iClF7NbVZ","yes","Apple","Iphone 14Pro","iOS 17.6.1 (21G93)","ios","Safari","no","","dark","yes","don't know","no","24","4","none","campus","1B4","majority artificial","20","male","","no","don't know",""
"67","BaVGFsgDj2tJxpp77XcqrgxE","yes","Apple ","iPhone 14 Pro max","17.5.1","ios","Safari","no","","light","yes","no","no","18","8","none","campus","1b4","majority artificial","20","female","","no","yes","no"
"68","BDN8a7uoxQghM2p9m6fsqqjY","yes","Apple","12 Pro","17.6.1","ios","Safari","don't know","","light","yes","don't know","no","18","5","none","campus","Pevensey 1B4","majority artificial","20","male","","no","don't know",""
"69","bEAheg5aAKvQbQpGJvw9Mhos","yes","iphone","iphone 14","IOS 17.5.1","ios","safari","no","","dark","yes","don't know","no","12","6","none","campus","pevensey 1B4","majority artificial","21","female","","no","don't know",""
"70","bgkloy2bCMqsIlkb539kMiB5","yes","iPhone ","iPhone 13","17.6.1","ios","Google chrome ","don't know","","don't know","yes","don't know","don't know","1","4","none","campus","Pevensey 1 1B4","majority artificial","19","female","","no","don't know",""
"71","BgOYIEyrjbVDbAahz4aM0EUd","yes","apple","iPhone 14","ioS 17.6.1","ios","chrome ","no","","dark","don't know","don't know","no","18","6","none","campus","pevensey 1 1B4","completely artificial","19","female","","no","don't know",""
"72","bgsZA4YyF0qMqVxfLxrQM8JT","yes","iPhone 13","MNGK3B/A","17.4.1","ios","Safari","no","","light","yes","don't know","no","12","6","none","campus","Ashdown AH-G4","completely artificial","20","female","","no","yes","yes"
"73","bIRskRX4XbMQ4kABHHa16v87","no","sussex computer ","dell","unsure as on computer","ios","google chrome","no","","dark","yes","don't know","no","24","5","none","campus","ashdown ahg4","completely artificial","21","female","","no","no",""
"74","BLW6kQvrFPgHdxiR7AM7gm5U","yes","iPhone","12 pro","17.6.1","ios","Safari","no","","light","yes","don't know","no","36","7","none","campus","Pevensly ","majority artificial","19","female","","no","don't know",""
"75","BPjbCaAwjXIf6UyTiFKJnZOe","yes","iPhone ","iPhone 14 Pro Max","iOS 17.6.1","ios","Safari ","no","","dark","yes","don't know","no","20","6","none","campus","Ashdown house AH G4","majority artificial","21","female","","no","don't know",""
"76","bpwhWThtMwpOlD7OwehHVkRQ","yes","Apple Iphone","A2633","17.61","ios","Safari ","don't know","","light","yes","yes","don't know","12","8","none","campus","A-G4","majority artificial","19","female","","no","don't know",""
"77","bUFgXjRpEk0d5Bl23fX8RRWe","yes","iPhone","iPhone 11","MWLU2B/A","ios","Safari","no","","dark","yes","don't know","don't know","36","2","none","campus","Pevensey 1 1B4","majority artificial","20","non-binary","","no","don't know",""
"78","bUPrGJqmDSoyQImlWGj0Rk7i","no","N/A","N/A","N/A","android","microsoft edge","no","","other","don't know","don't know","don't know","0","0","none","campus","Pevensey 1 1B04","majority artificial","25","male","","no","",""
"79","BxNHOWuyzNUYPwkvo0K3oX5k","yes","iPhone ","MGJE3B/A","17.6.1","ios","Safari ","yes","no","dark","no","no","no","29","10","none","campus","Pevensy 1b4 ","majority natural","20","male","","no","yes","no"
"80","bzqM1AehvkLm8sLMiTnocHcK","yes","iphone","XR","IOS 17.6.1","ios","The app","don't know","","light","yes","don't know","no","44","7","none","campus","1B04","majority artificial","19","female","","no","yes","yes"
"81","CaWUERE3CBAAWNoMVXDvbUAn","yes","iPhone","SE","17.6.1","ios","Safari","no","","light","no","no","no","48","4","none","campus","Pevensey 1B4","majority artificial","19","male","","no","don't know",""
"82","cfFv7neO2AJzyjc2T2jEbd8u","yes","iphone","iphone 12","iOS 17.1.2","ios","Safari","yes","no","light","yes","don't know","no","36","4","none","campus","AH-G4","majority artificial","19","female","","no","don't know",""
"83","cKEmmvQqSy8EirPpAVsS2RwC","yes","iphone","iphone 12","iOS 17.5.1","ios","Safari ","no","","dark","yes","yes","no","36","10","none","campus","Ashdown House AH-G4","majority artificial","19","female","","no","don't know",""
"84","CO4oK9ll42IusXDmXOvZonCH","yes","iphone ","14","17.6.1","ios","chrome","no","","light","yes","no","no","12","7","none","home","","majority artificial","19","female","","no","don't know",""
"85","cOAbJTGImVnIIyB1dULIWYJC","yes","iphone 12 mini","MGE43B/A","17.6.1","ios","Safari","don't know","","dark","yes","don't know","no","36","5","I use night mode sometimes","campus","Prevency 1B4","majority artificial","21","female","","no","don't know",""
"86","Cr3RKqQ2b3rGGOlXlsnGKVle","yes","iphone ","iPhone 12","iOS 17.1","ios","safari","no","","dark","yes","don't know","no","15","5","none","campus","pevensey 1b4","majority artificial","20","female","","no","no",""
"87","ctMGQ73sbvkRmjAu4Rp1WEZh","yes","Apple","Iphone 15 pro ","16.7.1","ios","Safari ","no","","light","yes","yes","no","10","7","none","campus","1b4","majority natural","19","female","","no","don't know",""
"88","cTt0Drll1DzwdZQjnvX4uZrL","yes","Iphone ","Iphone 15 pro max","IOS 18","ios","Safari","no","","dark","no","no","no","9","8","none","campus","Pevensey 1B4","majority artificial","20","male","","no","no",""
"89","cZU9XYHd1Lak4nmXPEDXfHJb","yes","iphone ","iphone 14 ","18.0","ios","Safari","no","","dark","no","no","no","18","5","none","campus","Ashdown AHG4","majority artificial","19","female","","no","don't know",""
"90","dCnpX4DPcJj6ETtZ92ELWs3m","yes","iPhone ","iPhone 15 Max pro","iOS 17.5.1","ios","Safari","no","","light","yes","don't know","no","3","3","none","campus","Pevensey 1 B04","majority artificial","19","female","","no","don't know",""
"91","ddIs6zav5ImYf9YgwdRPIsbP","yes","Google","Pixel 6a","Android 14","android","Chrome","no","","dark","no","don't know","no","17","3","none","campus","Pevensey 1B4","majority artificial","20","male","","no","",""
"92","dfvvMi0FFDfKVhAfP3urY7BH","yes","Apple","iPhone 12","iOS 17.6.1 (21G93)","ios","Safari ","no","","light","yes","no","don't know","11","2","none","campus","Pevensey 1b4","majority artificial","19","male","","no","yes","no"
"93","dgiaxs6JiSAar2jYFlWj6HB2","no","Macbook Pro","Macbook Pro 15 inch, 2018","Sequoia 15.0","ios","Chrome","no","","light","yes","yes","no","72","2","none","campus","Pevensey 1 1B4","majority artificial","21","female","","no","yes","yes"
"94","DkHWFByfuKmB1BEPIsdKnNoG","yes","Google pixel ","7a","14","android","Chrome ","no","","light","yes","no","no","14","3","none","campus","Ah g4","majority artificial","19","male","","no","",""
"95","dqrSZX32uuVZEPOeKprWo9bv","yes","OnePlus ","10 Pro","14","android","Firefox ","no","","dark","no","no","no","36","8","none","campus","AH-G4","majority artificial","27","male","","no","",""
"96","dvkZjOikxdLD9ITEoFVJhILd","yes","Apple iPhone ","MWLU2B/A","17.6.1","ios","Safari ","don't know","","dark","yes","don't know","no","48","6","As it gets darker outside turn on yellow mode","campus","AH - G4","completely artificial","19","female","","no","don't know",""
"97","dvv7B76rL9A0WjkoX0L3dKkW","yes","Apple","Iphone 11","iOS 17.6.1","ios","Safari","no","","dark","yes","no","no","12","6","none","campus","1B04","majority artificial","19","female","","no","yes","yes"
"98","dzjfM3xt07eIi0iH9LOQSieP","yes","Google Pixel","Google Pixel 8 pro","Android 14","android","Google","no","","dark","yes","don't know","no","5","5","none","campus","Pevensy 1B4","majority artificial","19","female","","no","",""
"99","E2CxsKQR2nOHjt5PkL8MesQ2","no","Laptop","Mac Pro 14 inch ","ios16.3.1","ios","Safari","no","","dark","yes","don't know","no","24","2","none","campus","Ashdown G4","completely artificial","19","male","","no","don't know",""
"100","e7mwfTifmQHeyxzttGPtCUqu","yes","iPhone ","iPhone 12","iOS 17.5.1","ios","Safari","no","","light","yes","no","no","22","8","none","campus","Pevensy I 1B4","majority artificial","19","female","","no","no",""
"101","eDvn58dQY84tJBBWjNxwTwbs","yes","iPhone ","MLPF3B/A - Iphone 13","IOS 18.0","ios","Safari","yes","yes","dark","no","no","no","12","3","none","campus","Pevensey 1B4","majority artificial","20","male","","no","no",""
"102","EfbMdTjOEv7F14LdpMkxKnf9","yes","IOS 17.6.1","MQ0G3PA/A","Iphone 14 Pro","ios","Safari","no","","dark","yes","don't know","no","12","6","none","campus","1B4","majority artificial","19","female","","no","don't know",""
"103","egu5uUZ4zYAz1nPiDatzcVBE","yes","Apple","Iphone 14","Ios18","ios","Safari","no","","dark","yes","don't know","no","13","12","none","campus","Penv 1B4","majority artificial","19","female","","no","don't know",""
"104","EhfEmjggWgBFAxi3UcznXhmd","yes","Apple","Iphone 14 pro ","17.6.1","ios","Safari ","no","","dark","don't know","don't know","don't know","14","6","none","campus","Penvensy 1 1B4","majority artificial","19","female","","no","don't know",""
"105","Ei2p3D5YljSoixP6pBHIrGnL","yes","iPhone ","iPhone 13","IOS version 18.0","ios","Google chrome","no","","dark","yes","no","no","26","9","none","campus","1B04","majority artificial","20","male","","no","yes","yes"
"106","El8O3oAcKfm5xXGD73QMsbz5","yes","iPhone 12","MGJ53B/A","17.5.1","ios","Safari","no","","dark","yes","don't know","no","36","5","none","home","","majority natural","21","female","","no","yes","yes"
"107","EMeZoskIQoxT5OxgzU7M87C1","yes","apple","iphone 12","17.6.1","ios","safari","no","","dark","yes","don't know","no","12","8","none","campus","b4","majority artificial","19","female","","no","don't know",""
"108","EmgjAmlVVKuCkb1qb27PfwlF","yes","iPhone 11","iPhone 11","iOS 17.6.1","ios","safari","no","","dark","yes","don't know","no","52","2","none","campus","Pevensy 1 1B4","majority artificial","19","female","","no","no",""
"109","eNDY6gYABPMUq9aa5sXUznY4","yes","iPhone ","iPhone 11 Pro Max ","17.5.1","ios","Safari","no","","dark","yes","don't know","no","43","10","none","campus","Pevensey 1B4","majority artificial","19","female","","yes","no",""
"110","eOmS2wRrutqD3cwDZW9tfffp","yes","iPhone","Iphone 13","17.6.1","ios","Safari","no","","dark","yes","no","no","7","8","none","campus","Pevensy 1 1B4","majority artificial","20","female","","no","don't know",""
"111","EQZB2mJaMsYqPNgV5c6GBm20","yes","iphone 13","iPhone 13","iOS 17.6.1","ios","safari","don't know","","dark","yes","don't know","no","10","12","none","campus","Penvensey 1B4","majority artificial","19","female","","no","don't know",""
"112","EVgKeRc3rsot394n62DwuXo9","yes","iPhone ","IPhone 13 pro","17.6.1","ios","Safari ","no","","light","yes","don't know","no","10","7","none","campus","Pevensy 1 1B04","majority artificial","21","female","","no","no",""
"113","F87OE0ErV5lCcxz15MBXayMg","yes","iphone 15","MTP13ZD/A","18.0","ios","google","no","","dark","yes","yes","no","1","6","none","campus","ashdown house AH-G4","completely artificial","19","female","","no","no",""
"114","fbrXQ5mOmwLMBdI7HidEq8sw","yes","iPhone 13","ML933LL/A","17.6.1","ios","Safari ","no","","light","yes","don't know","no","1","3","none","campus","1B04","majority artificial","19","female","","no","yes","no"
"115","FE08Rw9wtj1p3V62vfD9V16C","yes","Iphone","15 ","17.6.1","ios","Safari ","no","","light","yes","don't know","no","1","4","none","campus","1b5","majority natural","18","female","","no","yes","yes"
"116","Fg0qMUghqzvdgHZTSGC95ghE","yes","iphone 13 pro ","MLVP3ZP/A","iOS 17.6.1 (21G93)","ios","Safari","don't know","","dark","yes","don't know","don't know","42","8","i have a privacy screen and when i take it off it sometimes changes the colour of fhe sceeen ","campus","1B4","majority natural","19","female","","no","yes","yes"
"117","fGwd7gpq2wD04wROeyXDjyc3","yes","iphone 13","MGJ53B/A","17.1.2","ios","Safari ","no","","light","yes","no","no","30","5","none","campus","1B4 ","majority artificial","20","female","","no","don't know",""
"118","fIAVeDEw7VxBs98cHeppMYQN","yes","Iphone 13 ","MLQ93AA/A","17.6.1","ios","Safari","don't know","","light","yes","don't know","don't know","36","9","none","campus","Pevensley 1B4","majority artificial","20","female","","no","don't know",""
"119","FL0ecZs8G9NJ560IdwxwUmkA","yes","iPhone","iPhone 15 Pro","Iphone 15 ","ios","Safari","no","","dark","yes","don't know","don't know","3","5","none","home","","majority artificial","20","female","","no","don't know",""
"120","FsnlS4u1dD2N9bhZBavf5d2S","yes","Apple","iPhone 11","IOS 17.4.1","ios","Safari","no","","light","yes","don't know","no","48","3","none","campus","Pevensy 1B4","majority artificial","19","female","","no","yes","no"
"121","Fu05w9e9YAPUe4DqbdpwuzuT","yes","iphone 12 ","iphone 12 ","ios 17.6","ios","safari","yes","yes","dark","don't know","no","no","48","7","none","campus","computer room ","majority artificial","19","female","","no","don't know",""
"122","g5bQjDISf4jz0tkc0OVfKxp3","yes","iphone 15","MTP93ZD/A","A3090","ios","google ","no","","dark","yes","don't know","no","6","6","none","campus","AH-G4","majority artificial","19","female","","no","don't know",""
"123","gaicGBsQqfeVYX0V8MZftHCx","yes","iPhone","14 Pro Max ","iOS ","ios","Safari has ","no","","light","yes","no","no","13","13","Facetune","campus","1B4","majority artificial","19","female","","no","no",""
"124","GfYeliS1mUJMfdhQd7PeSF0y","yes","Samsung ","SM-S901B/DS","6.1","android","Google","don't know","","dark","yes","don't know","no","1","4","none","campus","Silverstone 325","completely artificial","19","female","","no","",""
"125","GgeWoQdfklXo7fPKABs60Bou","yes","Apple","Iphone 14","iOS 17.6.1","ios","Safari ","no","","dark","yes","no","no","3","6","none","campus","Pervensy 1b4","completely natural","19","female","","no","yes","no"
"126","ggj6QeqKL0S6mCzV224oVbiZ","yes","iPhone 124","MGJG3B/A","18.0","ios","Safari","no","","dark","yes","don't know","yes","17","4","none","campus","Pevensey 1B4","majority artificial","19","female","","yes","no",""
"127","gHHPHDVMtvlczYF4mgbcEI3M","yes","iPhone ","iPhone 12","18.0","ios","Safari","no","","dark","yes","don't know","no","12","8","none","campus","1B04","completely artificial","20","male","","no","don't know",""
"128","ghxI8YuNnqntS5x19nsFYVWu","yes","iPhone SE 2020","MX9U2B/A","17.6.1","ios","Google","no","","dark","no","don't know","no","24","7","none","campus","Ashdown AH-G4","majority artificial","20","non-binary","","no","no",""
"129","giI7i0fiUh89gQcW7SdGBTle","no","Iphone ","11","iOS 16.0.2","ios","safari","no","","light","don't know","don't know","don't know","36","7","none","campus","Pevensey 1b4","majority artificial","19","male","","no","don't know",""
"130","Go7tMfnUDpd6V2196k5RngNw","yes","Oh","Iphone 13","IOS 17.6.1","ios","safari","no","","dark","no","don't know","no","2","6","none","campus","Pevensy 1 1B4","majority artificial","19","female","","no","yes","no"
"131","goHTRIsMAOyEwJA0xuoCCs7R","yes","iPhone ","iPhone 11","iOS 17.6.1","ios","Safari ","no","","dark","yes","no","no","18","5","none","campus","Pevensy 1B4","majority artificial","19","female","","no","no",""
"132","GQY4IErD0BqWCxN9mH2htuPu","yes","iPhone ","13","Apple ","ios","Safari ","no","","dark","yes","don't know","no","12","6","none","campus","1b4","majority artificial","19","female","","no","don't know",""
"133","GR8iJqCVC3ndDQWtxzBaHQBp","yes","Apple","iPhone 14 Pro","16.61","ios","Safari","no","","light","yes","no","no","36","4","none","campus","1b04","majority artificial","19","female","","no","don't know",""
"134","GtzjBILX9afqs2AthVpfGAwS","yes","Samsung S10+","SMG975F/DS","12","android","Google","no","","don't know","yes","don't know","don't know","25","8","none","campus","B4","majority artificial","104","prefer not to say","","no","",""
"135","GUmnGfKqDgSCtM7HgMp6C0YM","yes","Iphone","13 pro max","Ois 17","ios","Safari","no","","light","yes","no","no","16","7","none","campus","Pevensy 1b4","majority artificial","19","female","","no","don't know",""
"136","GwT3HxunzLBytx4HrI792IEl","yes","iPhone X","MQAD2B/A","F2NVR6W3JCLJ","ios","Www","yes","no","light","yes","no","no","2","8","none","campus","Ashdown ","completely natural","19","female","","no","don't know",""
"137","GyL4qXfQWGtmpVS7Q8cI9awZ","yes","iphone 12 Pro Max ","MGC53ZA/A","IOS 18","ios","Chrome ","no","","light","yes","don't know","no","36","7","none","campus","Pevensy 1B04","majority artificial","19","female","","no","yes","yes"
"138","H8MFl6bLpPy6t9jIO3GZCEtM","yes","13 mini","13 mini ","17.2.1","ios","Safari","yes","no","light","don't know","don't know","no","9","5","none","campus","Pevensey B04","majority artificial","19","female","","no","don't know",""
"139","Hb64gihxU6ONrK9nq5Xp9qyS","yes","iPhone 13","MLPJ3B/A","17.6.1","ios","Safari","no","","light","yes","don't know","no","7","10","none","campus","1B04","majority artificial","19","female","","no","don't know",""
"140","HGYnlfdvr4fTcawSImv3yReW","yes","iphone ","15 pro","ios18","ios","safari","no","","dark","yes","don't know","no","8","8","none","campus","1B4","majority artificial","19","female","","no","yes","yes"
"141","HIPdA0gQPCvpjyukS2N41Txp","yes","iPhone ","14","17.6.1","ios","Safari ","no","","dark","yes","don't know","don't know","20","5","none","campus","1B4","majority artificial","20","female","","yes","yes","no"
"142","hWEyyo6xhp4FAj96bZcYAdVL","yes","iphone 13","MLPH3B/A","ios17.6.1","ios","chrome","no","","dark","yes","yes","no","17","7","none","campus","1B5","majority artificial","20","female","","no","yes","yes"
"143","hWSX0NU1guQNizevcaOgOQoG","yes","iphone","iphone 12","17.6.1","ios","safari","no","","dark","no","no","no","36","7","none","campus","pevensey 1 1B5","majority artificial","22","female","","no","yes","yes"
"144","hYzZxyS6bUujqAvDsXkk5IH3","yes","Samsung ","Galaxy A21s","12","android","Chrome","no","","dark","no","don't know","no","36","3","none","campus","Pevensey 1B4","majority artificial","19","non-binary","","no","",""
"145","hzovWCFqAHtq7wUpLjR2Hlnt","yes","iphone","iPhone 13 Pro","17.6.1","ios","Safari","yes","yes","light","don't know","don't know","don't know","10","5","none","campus","Pevensey 1B4","majority artificial","19","female","","no","yes","no"
"146","I53sVK66HkbPyZKpNoAxCPgX","yes","Iphone","NGDY3ZD/A","iOS 17.6.1","ios","Safari","no","","light","yes","no","no","12","5","none","campus","1B04","majority artificial","19","female","","no","don't know",""
"147","iCmoDskITR2x5sCOPTU1rooD","yes","I phone ","11","17.6.1","ios","Safari","no","","dark","yes","don't know","no","24","4","My phone screen is damaged so they are some black marks on my screen","campus","1B4","majority artificial","19","female","","no","don't know",""
"148","iGBaV5mENxuIKV4NXrbBo3Hn","yes","Apple","Iphone 13","17.6.1","ios","Safari ","don't know","","dark","yes","don't know","no","12","6","none","campus","Ah- g4","majority artificial","19","female","","no","don't know",""
"149","iJseEIGHGoRrEbkTDm5xwtOY","yes","Apple","iPhone 14 Pro","iOS 17.6.1","ios","Safari ","no","","dark","yes","yes","no","25","7","none","campus","1b04","majority artificial","19","female","","no","no",""
"150","iysk7MszyCsyiIjooVg9FELl","yes","iPhone ","MPWP3ZD/A","16.6.1","ios","Safari ","no","","dark","no","don't know","no","36","5","none","campus","Pevensey 1b4 computer room","majority artificial","20","female","","no","don't know",""
"151","J0yZgZz4Ob6ZeCYHzKa7uPeO","yes","iPhone ","13 Pro","iOS 17.6.1","ios","Safari","no","","dark","yes","don't know","don't know","36","5","none","campus","1B4","majority artificial","20","female","","no","don't know",""
"152","J3V8IGlN2fztMzLxTMrzh4xp","yes","iPhone ","13 pro max ","iOS 17.6.1 (21G93)","ios","Safari ","no","","light","no","no","no","10","5","none","campus","1BO4 Pevensey 1 ","majority artificial","20","female","","no","don't know",""
"153","J437EGS6upe9sDnW4LsWMkgF","yes","iphone ","iPhone13","17.6.1","ios","safari","no","","dark","yes","don't know","no","24","7","none","campus","computer room","majority artificial","19","female","","no","don't know",""
"154","j8eh3GtpCxNEtZXiaVaS1kjw","yes","Iphone ","iPhone Xs","17.6.1","ios","Safari ","no","","dark","no","yes","no","9","3","none","campus","Pevensey 1 1B4","majority artificial","24","male","","no","yes","yes"
"155","jAnDnDjueUJwdIDayOlZ535q","yes","Iphone","iPhone 11","iOS 17.4.1","ios","Safari","no","","dark","yes","don't know","no","7","6","none","campus","Ashdown AH-G4","completely artificial","19","female","","no","yes","yes"
"156","Jc4hWnMTxGdDLUpvLYDweeLr","yes","I phone 12 pro max ","MGDE3B/A","17.6.1","ios","Google ","don't know","","light","no","don't know","no","11","6","none","home","","majority artificial","19","female","","no","don't know",""
"157","JgcMUdxnAmaXDk0ode5MbbkX","yes","iPhone","14","17.6.1","ios","safari","no","","dark","yes","no","no","3","6","big text","campus","Pevensey1 1B04","majority artificial","19","non-binary","","no","don't know",""
"158","jLLwv02bJe74O72stcw07gCx","yes","iphone","13 pro max ","ios 18","ios","safari","no","","dark","no","no","no","24","4","none","campus","silverstone 325","completely artificial","19","female","","no","don't know",""
"159","JNX7HkIWc0t1Oh54fqK4jGCd","yes","iPhone 11","MWLX2B/A","17.6.1","ios","Safari","no","","dark","yes","don't know","no","30","7","none","campus","Pevensey 1 1B4","majority natural","19","female","","no","yes","yes"
"160","jwle1LONAn6KpPBzTS2tpykP","yes","iphone 12 plus","A2407","17.5.1","ios","Safari","no","","dark","yes","no","no","48","4","none","campus","Silverstone 325","completely artificial","19","female","","no","yes","yes"
"161","jXECt5w7Qg63M3Vv3old32PW","yes","iPhone","13","iOS 17.6.1","ios","Safari","no","","light","yes","don't know","no","18","8","none","campus","Pevensey I 1B4","majority artificial","20","female","","no","don't know",""
"162","K75tRvsYJ46thsFm18jkWVQR","yes","iPhone ","iPhone 12","iOS 18.0","ios","Google chrome ","no","","light","yes","don't know","no","14","5","night shift from 21:00 until when my alarm goes off ","campus","Pevensey 1B04","completely artificial","25","female","","no","don't know",""
"163","K7hr2zvgguy9sJVAumyPRJLp","yes","Samsung","SM-G998B/DS","Android Version 13","android","Google Chrome","no","","dark","yes","no","no","30","6","none","campus","Pevensey 1b4","majority natural","20","female","","no","",""
"164","K90hC7I9vTBgTzirbZ5UnT2k","yes","iPhone","Iphone 13","17.6.1","ios","Google chrome","don't know","","light","yes","don't know","no","9","9","none","campus","Ashdown G4","completely artificial","19","female","","no","yes","yes"
"165","kCnRFD4nAZ8mE5necFeCWW1D","yes","iphone ","iphone 15 pro max","ios 17.6.1","ios","safari","don't know","","light","yes","yes","don't know","6","5","none","campus","1B4 pevensey 1","majority artificial","19","female","","no","yes","yes"
"166","kDu8ZalIIHY9tftH8SmmiQGL","yes","Apple ","I phone 14","16.6.1","ios","Safari","no","","light","yes","no","no","2","4","none","campus","Pevensy 1B4","majority artificial","20","female","","no","yes","no"
"167","kFdnSGRjji3WVXsRie825x6W","yes","iPhone 13","MLPF3B/A","18.0","ios","Google","no","","dark","don't know","don't know","no","12","10","none","campus","AH-G4","majority artificial","19","female","","no","yes","yes"
"168","kKnO6kSOMegHFR41DWMU7q04","yes","Apple iphone","MPWH3ZD/A","17.6.1","ios","Safari","no","","dark","yes","no","no","18","3","none","campus","Pevensy 1 B04","majority artificial","20","female","","no","don't know",""
"169","koC4gnQJHpGOzhAOz3mHm2Ip","yes","Iphone ","15 pro max","17.6.1","ios","Google","no","","light","yes","no","no","3","4","none","campus","Sb 325","completely artificial","21","non-binary","","no","yes","no"
"170","kWJmpppImJFHahtLFaAbyJnB","yes","iphone ","A2403","The latest ","ios","Safari ","no","","dark","yes","don't know","no","30","5","none","campus","Pevensey computer room ","majority artificial","20","male","","no","no",""
"171","L2KTtCY646InTcJW6OX4dvaj","yes","iPhone 13","MLPG3B/A","iOS 17.6.1 (21G93)","ios","Google","no","","dark","yes","no","no","14","8","none","campus","Ashdown house AH-G4","majority artificial","19","female","","no","yes","yes"
"172","L2SXU0YmDrgU36bHlcnMBX2r","yes","iPhone","iPhone 15","iOS 17.6.1","ios","Safari ","no","","light","yes","no","no","3","5","none","campus","1B4","majority artificial","20","female","","no","don't know",""
"173","lcqAfQ1aNyFLc3bXPa1ocRdr","yes","Samsung ","A41","12","android","Chrome ","yes","no","light","no","don't know","no","40","8","none","campus","1b4","majority artificial","18","female","","no","",""
"174","LcRMpptyQot8BFnX8PXz0sXO","yes","iphone","iphone 13 mini","iOS 18.0 (22A3354)","ios","safari","no","","dark","yes","don't know","no","30","4","none","campus","pevensey b04","majority artificial","20","female","","no","yes","yes"
"175","lEWp6RE6OiARGWW7vMAsS76F","yes","Samsung ","Galaxy S24","Android 14","android","Chrome","yes","don't know","dark","yes","don't know","no","5","6","none","campus","1B04","majority artificial","36","female","","no","",""
"176","LnYcLlIgSPPl6z0I073eA7Uo","yes","Apple","iPhone 15 pro","17.6.1","ios","Safari ","no","","dark","no","no","no","10","6","none","campus","Pevensey 1 1B4","majority artificial","21","female","","no","yes","yes"
"177","LyZKdmo5patWFVPwRm1B0sx9","yes","Iphone 12 mini","MGE23B/A","17.6.1","ios","Safari","no","","light","yes","don't know","no","23","4","none","campus","1B04","majority artificial","25","female","","no","yes","yes"
"178","M0YfVWKSIOG5Rgz1PdHWAMt1","no","Not a phone","Not a phone","Not a phone","ios","google chrome","no","","dark","no","no","no","48","2","none","campus","Pevensey 1 1B04","majority artificial","23","male","","no","no",""
"179","M7WdSjFxW3jWMxsOHJIdi8cl","yes","iphone ","iphone 13","iOS 17.6.1","ios","safari","no","","light","don't know","no","no","32","5","at night i use reduce white point and blue light filter but not while doing this study","campus","","majority artificial","20","female","","no","don't know",""
"180","Mb7qEoaQY2pRDvI7TWGGODCY","yes","iPhone","A2633","18.0 iOS","ios","Safari","no","","dark","yes","yes","no","5","3","none","campus","1B04","majority artificial","21","male","","no","yes","yes"
"181","MfFxCnnUd6g1PGi4QLqBYb6f","yes","Huawei","Huawei P20","Android 13","android","Google Chrome","no","","dark","yes","no","no","30","8","none","campus","Pevensey 1 1B4","majority artificial","19","male","","no","",""
"182","MhgwnATGd2LWPAsWSWsmvO9H","yes","Iphone","11 pro max","17.1.4","ios","Safari","no","","light","yes","no","no","45","7","none","home","","completely artificial","19","female","","not sure","no",""
"183","MHPkaFvBxOhD0ZCOL78SrngD","yes","iphone","MGJE3B/A","17.5.1","ios","chrome","no","","dark","no","no","no","15","12","none","campus","penvensy 1B4","completely natural","21","male","","no","yes","yes"
"184","mu9azswPGqt0PqPU1dHx4K1C","no","apple macbook air","macbook air","?","ios","chrome","no","","light","yes","yes","no","50","5","none","campus","1B","majority artificial","20","female","","no","don't know",""
"185","myyMOQavEq3MiTWkTUdUuBFu","yes","iPhone ","11 ","17.6","ios","Chrome ","yes","no","dark","yes","no","no","6","6","Night mode - ","campus","Pevensy 1b4","completely artificial","20","male","","no","yes","no"
"186","n1UILuxqrJbXK6x8lV876cxq","yes","Samsung?","SM- A546E/DS","One UI 6.1","android","Chrome/google","yes","yes","dark","yes","don't know","no","13","3","none","campus","The computer lab","majority artificial","18","female","","no","",""
"187","n8By2Ot2nvQxkmzIr8YMDLDM","yes","IPhone 15","MTP03ZD/A","FFYW1G90N4","ios","Google Chrome","no","","dark","yes","don't know","no","6","6","none","campus","Ashdown house AH-G4","completely artificial","19","female","","no","don't know",""
"188","nbiP1XtDiqN4c3xZvNSVAP67","yes","Iphone","Iphone 12 Pro","IOS 17.6.1","ios","Safari ","no","","dark","yes","don't know","no","37","8","none","campus","AH- G4 (Ashdown)","majority artificial","19","female","","no","don't know",""
"189","nCjkToPOQf5PFuMKyr2E34jT","yes","Apple iphone","15","iOS 18.0","ios","Safari","no","","dark","no","no","no","1","5","none","campus","Pevensey 1 1B4","majority artificial","19","female","","no","no",""
"190","NDX04B2qlVRaFe4RzXmpkwA7","yes","iphone","11","17.6.1","ios","safari","no","","dark","yes","no","no","12","6","none","campus","ashdown AH-G4","completely artificial","22","female","","no","don't know",""
"191","njtwdCgac2JKqnXkZBoHPhMP","yes","iPhone 11","iPhone 11","iOS 17.6.1","ios","Explore","no","","light","yes","don't know","no","29","6","none","campus","Pevensy 1","majority artificial","19","female","","no","don't know",""
"192","NQaKFtuUwMyn8ZFAV96c2uqS","yes","apple","iphone 15 pro","ios 17.7","ios","google","no","","light","yes","don't know","no","5","9","none","campus","pevensey 1 1B4","majority artificial","20","female","","no","yes","no"
"193","Nru9YdGBB2MwHbvAYnB53TP9","yes","Samsung","A13","14","android","Google Chrome","no","","light","no","no","no","24","4","none","campus","Pevensey 1 B14","majority artificial","20","female","","no","",""
"194","nvy16S0R1Lc3436jASy8uzaz","yes","Google","Pixel Fold","Android version 13","android","Chrome","no","","dark","no","no","no","4","5","none","campus","Pevensey 1B05","completely artificial","21","prefer to self-describe","Trans woman","no","",""
"195","nXVDcucVNOZbMDnoqUYIpRQn","yes","Apple xâ€™s","MLPH3B/A","17.4.1","ios","safari","don't know","","light","yes","don't know","no","9","6","none","campus","AH-G4","majority artificial","19","female","","no","yes","yes"
"196","o02P9tUZwXBHu10VqakDFKvh","yes","Iphone","12","16.6.1","ios","Safari","yes","yes","light","yes","don't know","no","28","6","none","campus","Pevensey 1B4","majority artificial","20","non-binary","","no","don't know",""
"197","O1GdD3yyfWJT5Q91bt58xMIe","yes","IPhone 13 ","iPhone 13","17.6.1","ios","Safari","yes","no","dark","yes","don't know","no","3","2","none","campus","1 B4","majority artificial","20","male","","no","don't know",""
"198","O2SmrUMlmqxLWTbriWm7J0ka","yes","Samsung","Galaxy A41","12","android","Google Chrome","no","","light","no","no","no","48","5","none","campus","Pevensey 1B4","majority artificial","21","female","","no","",""
"199","OeM5wDOFGsLnmn8v5xH6ZXei","yes","iPhone","11","17.6.1","ios","Safari","no","","dark","yes","don't know","no","24","7","none","campus","AH-G4 ","completely artificial","19","female","","no","don't know",""
"200","oKIvzTBk04dWPQaUkBuVcFxf","no","apple (ipad) ","MM9M3B/A","iPadOS 18","ios","safari ","don't know","","light","don't know","don't know","no","8","5","none","campus","Pevensy I room 1B4","majority artificial","20","female","","no","yes","yes"
"201","OpkVQFAIYlKoxSiebZ1Tj96k","yes","Apple iPhone 15","NTP13ZD/A A3090","18.0","ios","Safari","don't know","","dark","yes","yes","no","9","4","none","campus","AH-G4","majority artificial","19","female","","no","yes","no"
"202","ORYQK9HGjBU7LsxJqZ6hDvHW","yes","Google","Pixel 3a","12","android","Chrome","no","","dark","don't know","don't know","no","28","2","none","campus","Pevensey 1B5","majority artificial","20","male","","no","",""
"203","OSabQqJR76Ez05HCLdBXQQpH","yes","Iphone","iPhone 12","iOS 17.6.1","ios","Chrome","no","","light","no","no","no","2","2","none","campus","1B4","majority artificial","34","female","","no","don't know",""
"204","oTrMnr6eJqzGnnBlyulXD9Ij","yes","iphone ","iphone 12","ios 17.61","ios","google ","no","","dark","yes","don't know","no","12","6","none","campus","AH-G4","majority artificial","19","female","","no","no",""
"205","Ovt4NXMO3IMVBSQIH6XeLti9","yes","Samsung","SM-S906B/DS","6.1","android","Google","no","","light","no","no","no","13","7","none","campus","It room","completely artificial","20","female","","no","",""
"206","OyULSJbTCgUlUeS7dawsiMH3","yes","iphone ","iphone 13","17.6.1","ios","chrome ","no","","light","yes","don't know","no","15","6","none","campus","ashdown g4","majority artificial","19","female","","no","yes","yes"
"207","ozbh7RlrqcMVm2XUU9R1H1lg","yes","Apple","iPhone 13","17.6.1","ios","Safari","no","","dark","yes","don't know","no","16","5","none","campus","Ah-G4","majority artificial","19","male","","no","don't know",""
"208","p0q3PHhGzqVC5PZoFzFR3gqU","yes","iphone ","iphone 15","ios 17.6.1","ios","safari","no","","dark","yes","don't know","no","3","12","none","campus","Silverstone SB 325","completely artificial","19","female","","no","yes","yes"
"209","p2l4elSRhF7T07lVo3RKDtRW","yes","iPhone ","iPhone 11 Pro","16.6.1","ios","Safari ","don't know","","don't know","yes","don't know","no","13","5","none","campus","B104 ","majority artificial","19","female","","no","don't know",""
"210","P3yPi5HOXQPheVdebUEscS7W","yes","iphone","13","ios 18","ios","safari","no","","dark","yes","yes","no","36","8","none","campus","1B4","majority artificial","19","female","","no","don't know",""
"211","P9OMlcoZaVFWSkSLr5LnAodw","yes","Apple ","Iphone 15 pro MTUX3ZD/A","17.5.1","ios","Safari ","no","","dark","yes","don't know","don't know","10","6","none","campus","AH-G4","majority artificial","19","female","","no","don't know",""
"212","p9V1p9RSxR8qEMjVHqgUaEuY","yes","Xiaomi","Xiaomi notebook 12 5G pro","MIUI 14012","android","Chrome","no","","light","no","don't know","no","36","3","none","campus","1B4 pevency 1","majority artificial","22","female","","no","",""
"213","paaEqh4ujjb7cLUT7LJ2kPj0","no","iphone 11","i used a laptop","laptop used","ios","microsoft explorer","no","","dark","yes","don't know","no","36","4","none","campus","","majority artificial","20","female","","no","no",""
"214","paBJ2cwgz0oeSqwzATervIT1","no","Apple","SE2020","17.3.1","ios","chrome","no","","dark","yes","no","no","31","4","none","campus","Pevensey 1 1B4","majority artificial","21","female","","no","no",""
"215","pbrs0I4xVWRnSTKGcSeJHCzW","yes","Samsung","SM-F721B","Android 14","android","Chrome","no","","dark","yes","no","no","18","6","none","campus","Pevensey 1B05","majority artificial","19","female","","no","",""
"216","pdxOLa0juC9EM9lu6MoIJS1A","yes","iphone","13 pro","17.6.1","ios","safari","no","","dark","yes","don't know","no","23","9","none","campus","pevensey 1b5","majority artificial","19","female","","no","don't know",""
"217","pQAQaerpVBRpCFD2YTcVNaqG","yes","samsung ","s21 ultra","no idea","android","chrome","yes","yes","dark","no","don't know","don't know","6","7","power saving ","campus","1ba","majority artificial","20","female","","no","",""
"218","PtbOMTmgDBMhVowtgGGZyPm4","yes","iphone 13","MLPK3B/A","17.4.1","ios","safari","no","","light","yes","don't know","no","20","4","none","campus","Pevensey 1B4","majority artificial","20","female","","no","no",""
"219","pUJnBLEKg2430C6jbjb7C9dj","yes","iPhone (Apple)","iPhone 14 Max","The newest to date (23/07/24)","ios","Safari","no","","dark","yes","no","no","13","4","none","campus","Pevensly 1 (1B04)","completely natural","19","female","","no","don't know",""
"220","PvVZ1By7vhcy1FKEkB0vsieJ","yes","iPhone ","MLPH3B/A","18.0","ios","Safari","don't know","","dark","no","no","no","32","5","Differentiate without colour ","campus","1B4","majority natural","19","female","","no","no",""
"221","pVyFXnE1xxSNwM78wY12DWFg","yes","Iphone 12","iPhone 12","17.6","ios","safari","yes","no","light","yes","yes","no","36","10","none","home","","completely natural","22","female","","no","don't know",""
"222","pwpqci9LG8c3pwVNmJ34aSRB","yes","Apple","iPhone 15 pro max","Ios 18.0","ios","Safari","no","","don't know","yes","yes","no","7","4","none","campus","1d04","majority artificial","21","female","","no","don't know",""
"223","q3ttExTaMUJPtXKbSWXCBX9o","yes","iPhone ","iPhone 11, MHDH3B/A","17.5.1","ios","Safari","yes","yes","dark","yes","don't know","no","24","8","none","campus","G4","majority artificial","19","female","","no","yes","yes"
"224","QhXhErNSt7tkrprQAl4Zv31P","yes","iphone ","iPhone 12","17.6.1","ios","Safari","don't know","","dark","yes","don't know","no","33","10","none","campus","Ah-g4","majority artificial","22","female","","no","don't know",""
"225","qiEytYzcyR9DTUCaPI9uy1Za","yes","OPPO find X3 lite","CPH2371","V12","android","Google","no","","dark","no","don't know","no","24","7","I use eye comfort adjustment which makes it nice and yellow ","campus","PEV 1 1B4","majority artificial","19","prefer not to say","","no","",""
"226","qnnPoJQ54GD4nvz58TOyu8OI","yes","iPhone","MLPF3B/A","17.4","ios","Safari","no","","light","yes","don't know","no","20","6","none","campus","1B04","majority artificial","19","female","","no","don't know",""
"227","QpuGPO7WXo04MKDDp9z9AnMz","no","iphone ","11","na","ios","safari","no","","light","yes","no","no","24","8","none","campus","pevensey 1 b","majority artificial","20","female","","no","don't know",""
"228","QR48Qo0rjjQ08Lg24EYIeadp","yes","iphone","iphone 14","IOS 17.5.1","ios","safari ","no","","light","no","don't know","no","18","7","none","campus","ashdown house AH-G4","majority artificial","19","male","","no","don't know",""
"229","QS40g5RYZlTnYP88oQ0BZPUH","yes","iPhone 12","12","17.5","ios","Google chrome ","no","","dark","yes","don't know","don't know","60","5","none","campus","Ag ","majority artificial","22","male","","no","don't know",""
"230","qxdRlHnEzIheovTvtdUpZMsg","yes","iPhone ","iPhone 13","IOS 17.6.1","ios","Safari","no","","dark","yes","don't know","no","13","6","none","campus","1B04","majority artificial","20","female","","no","don't know",""
"231","qZQbsPcEU6iAX4snwmEk51zy","yes","Samsung","S20 FE","SMG780F","android","Chrome","no","","dark","no","no","no","18","2","none","campus","B04 pevensey 1","majority artificial","21","female","","no","",""
"232","QzTA76OmAteWKbGZlRYS2dmY","yes","iPhone ","Iphone 12 pro","17.6.1","ios","Safari ","don't know","","light","yes","don't know","no","36","4","none","campus","Pevensy 1 1B5","completely artificial","19","female","","no","yes","yes"
"233","r27klNPjwYp3znbW66ZIOXDK","yes","iPhone ","iPhone 13 Pro Max","iOS 17.6.1","ios","Safari","no","","dark","no","don't know","no","30","9","none","campus","AH-G4","majority artificial","23","non-binary","","no","don't know",""
"234","r3fDFhZiQlJao27ZZFAitZrp","yes","Apple ","iPhone 11","IOS 17.6.1","ios","Google chrome ","no","","dark","yes","don't know","no","48","4","none","campus","1B4","majority artificial","20","female","","no","don't know",""
"235","R6wTas0k5W9BHczYtLPMq1ON","yes","Samsung ","SM-S901B/DS","14","android","Chrome","no","","dark","yes","don't know","no","26","6","none","campus","Silverstone 325","completely artificial","19","non-binary","","no","",""
"236","RAFZonJQo2T63hrPr0JQagGR","yes","apple","iphone 13","MLPG3B/A","ios","safari ","no","","dark","yes","yes","no","24","6","none","campus","pevensey 1b4","majority artificial","21","female","","no","yes","no"
"237","rgAYcOplkqPtJwxewxf1CvZS","yes","Samsung","S10","Android Version 12","android","Google Chrome","yes","yes","dark","no","yes","no","18","3","none","campus","AH-G4","completely artificial","19","male","","no","",""
"238","RjXP5R14sOC6R4D8xhev3c7Q","no","N/A","N/A","N/A","ios","Chrome","no","","dark","yes","don't know","no","0","7","none","campus","Pevensey 1 1B","majority artificial","20","male","","no","no",""
"239","RLMY2gwH3UNt36l2CDNkleGG","yes","iphone 12 ","iphone 12 pro","ios 17","ios","chrome ","no","","light","yes","yes","no","24","9","none","campus","","completely artificial","20","female","","no","don't know",""
"240","rlvJaXnNUH1RZASkMocqAuMV","yes","iPhone ","iPhone 13","17.6.1","ios","Safari","don't know","","light","yes","don't know","no","9","5","none","campus","Pevensy 1b4","majority artificial","19","female","","no","don't know",""
"241","RNXPUWd0A1gT2mkJIWFqAjKv","no","macbook ","macbookair","2018","ios","google","no","","other","no","no","no","48","2","none","campus","1b4","majority artificial","20","female","","no","don't know",""
"242","rPuZVIpNzbS6S5iV2VB6mISM","yes","IPhone ","IPhone 14","17.6.1","ios","safari","no","","dark","yes","don't know","no","8","4","none","campus","Pevensey 1B4","majority artificial","19","female","","no","yes","no"
"243","rsCEQSisvN8OsbdjI0eqS22N","yes","Apple","iPhone 11","16.5.1 (c)","ios","Safari","no","","dark","yes","no","no","24","6","none","campus","Pevensey 1 1B4","majority artificial","19","female","","no","don't know",""
"244","rsFXUYqPUiwnZjFgThzJIKdT","no","on laptop","on laptop","in laptop","android","on laptop","no","","light","no","no","no","36","3","none","campus","pev 1b4","majority artificial","20","female","","no","",""
"245","rZCubhG16uhlvjPcmfN5mdgE","yes","iphone ","iphone 11","17.6.1","ios","safari","no","","dark","yes","no","no","34","4","none","campus","Pevensey 1B4","majority artificial","19","female","","no","no",""
"246","Rzs1US6RotZD73temLZk3Xb0","yes","Pixel 6a","Pixel 6a","h3_gb-56000000017.18 2024-02-28","android","Chrome","no","","dark","yes","don't know","don't know","19","12","None","campus","1B4","completely artificial","24","female","","no","",""
"247","S1lq5eC8DPtBCOb7O2nPkiJv","yes","Samsung","Samsung","13","android","Chrome","yes","yes","don't know","no","no","no","10","8","none","campus","1B5","majority artificial","19","female","","no","",""
"248","s2l7pC95pKyC9M5aWh9Pv6wl","no","N/A","N/A","N/A","ios","chrome","no","","light","no","no","no","36","7","none","campus","pevensy 1B04","majority artificial","19","female","","no","don't know",""
"249","S7KUzr7GUgdvNJsq4tLaTvmY","yes","iphone ","13 pro max ","NLLJ3ZD/A","ios","safari ","no","","light","yes","don't know","no","24","6","none","campus","pevensey 1B4","majority artificial","19","female","","no","yes","yes"
"250","S9JpsmDqGOnNuMNcOTWEuX05","yes","iPhone 14","MPVX3ZD/A","17.6.1","ios","Safari","don't know","","dark","no","don't know","don't know","22","6","none","campus","Pevensey 1B4","majority artificial","19","male","","no","don't know",""
"251","sA8eTgw7d80SIVFeA10afSBD","yes","iPhone 15","Zara (3)","17.6.1","ios","Safari ","no","","dark","yes","no","no","3","8","none","campus","AH-G4","majority artificial","20","female","","no","don't know",""
"252","Sd7XhlUY68RO5yYC4SlUs6Co","yes","iphone 13 pro max","mlf73ll/a","17.6.1","ios","safari","no","","light","yes","no","no","30","7","none","campus","4","majority artificial","19","female","","no","don't know",""
"253","sDekLk24WTSS2JZQ5Jlf0Flt","yes","iphone","iphone 12 pro max","16.6.1","ios","safari","don't know","","dark","don't know","don't know","no","2","4","none","campus","pevensey 1 1b4","majority natural","20","female","","no","don't know",""
"254","sEtlcjNtg0Kocno2UCuv4smu","yes","iphone se","MX9R2B/A","17.5.1","ios","google chrome","no","","dark","yes","don't know","don't know","20","4","none","campus","pevensey 1 1b4","majority artificial","19","male","","no","don't know",""
"255","SlffFAlBRveUVEGxuvbydXDj","yes","iphone","iphone 13 pro","17.6.1","ios","safari","no","","dark","yes","don't know","no","30","2","often have night mode on","campus","pevensy 1 1B05","majority artificial","19","female","","no","don't know",""
"256","SmGfX9nQzdZWPoDk0cUtHE8L","no","HP laptop","chromebook","?","ios","Chrome","no","","dark","yes","no","no","24","5","none","campus","Ashdown G4","completely artificial","20","female","","no","no",""
"257","sNmxrrDnPaz625QHjb4xzyZF","yes","Iphone","13","iOS 17.6.1","ios","Google","yes","no","light","yes","don't know","no","6","9","none","home","","completely artificial","19","male","","no","no",""
"258","SOfxKJx7YRPEdqvkaDLUugtO","yes","iphone ","MLPF3B/A","17.6.1","ios","safari","no","","dark","no","don't know","no","19","5","none","campus","","majority artificial","21","female","","no","don't know",""
"259","sRK1a15dPjbaDLXW9MlXh6Jd","yes","iPhone ","iPhone 13","iOS 17.6.1 ","ios","Safari ","don't know","","light","yes","don't know","don't know","7","6","none","campus","1B04","majority artificial","20","female","","no","don't know",""
"260","SsHPWpoJXb9izhHDEpesUVay","yes","Samsung galaxy flip5","SM-F731B","6.1","android","Chrome","yes","no","dark","yes","no","no","9","6","none","campus","Pevensey 1B04","majority artificial","19","female","","no","",""
"261","StX4FKIwjSQa9mJAUoTwuMY3","yes","Samsung galaxy s22","Sm-s901b/ds","Android 13","android","Chrome","yes","yes","light","yes","yes","no","24","6","none","campus","Pevensey 1 b04","majority artificial","21","female","","no","",""
"262","Sy3rP5WO09fOmNl2cCy9qmPw","yes","Samsung Galaxy A13","SM-A13F/DSN","One UI 6.1","android","Google Chrome ","no","","dark","yes","don't know","no","1","16","none","campus","AH-G4","majority artificial","20","female","","no","",""
"263","szesUTBKa8442BoVMCONQfV2","yes","Apple","MNCY3B/A","17.6.1","ios","Safari","no","","dark","yes","yes","no","35","5","none","campus","1B4","majority artificial","20","female","","no","don't know",""
"264","T1YdwibfbIQqxyWg6jwzFYeu","yes","iPhone","11","17.3.1","ios","Safari","don't know","","dark","yes","don't know","no","24","6","none","campus","Pevensey 1b4","majority artificial","19","female","","no","yes","yes"
"265","tcdSef0tJseJIsVukSULk8RS","yes","Apple ","iPhone 15","17.6.1","ios","Safari ","no","","light","yes","no","no","8","5","none","home","","completely natural","19","female","","no","don't know",""
"266","tDkfPolskNmTCOy8HcaQiBJ4","yes","iPhone 13","MLPF3B/A","17.6.1","ios","Safari","no","","light","yes","no","no","31","7","none","campus","Pevensey B105","majority artificial","19","female","","no","no",""
"267","ToftlJS4CfKlKEkCd1ExR9PE","yes","iphone ","iphone 13","17.5.1","ios","chrome ","no","","dark","no","don't know","no","20","6","none","campus","AH-G4","majority artificial","19","female","","no","yes","yes"
"268","tPIB6wIjw364gvBzbRNtaRft","yes","Apple","MLVD3B/A","IOS 18.0","ios","Safari","no","","dark","yes","don't know","no","24","4","none","campus","AH-G4","majority artificial","19","female","","no","yes","yes"
"269","tqt7cOLA3bhupKBJ5qkfctTL","yes","Samsung","Galaxy","version 11","android","google","no","","light","no","don't know","no","37","10","none","campus","pevensy 1b04","majority artificial","20","female","","no","",""
"270","u57VnwaHiJNylLnnnfUQX0nT","yes","iPhone 12","MGJA3X/A","16.6.1","ios","DuckDuckGo","no","","dark","yes","don't know","no","48","4","none","campus","Pevensey 1 1B4","majority artificial","22","male","","no","yes","no"
"271","u7ipQV780X5jB90AyRTGhQDl","yes","iPhone 14","A2882","MPV03ZD/A","ios","Chrome ","yes","no","light","yes","yes","no","18","2","none","campus","Pev 1b4","completely artificial","21","female","","no","yes","yes"
"272","uaEQbHzDYb4sUSd2b76J0Q9y","yes","iPhone SE","MHGP3B/A","iOS 17.6.1 (21G93)","ios","Safari","no","","dark","yes","don't know","no","48","4","none","campus","Ash down house ASGH4","completely artificial","19","female","","no","don't know",""
"273","uBqWVTSdhvDjDyDvqsixdcVD","yes","iPhone 14","MPWA3ZD/A","iOS 17.6.1 (21G93)","ios","Safari","yes","no","dark","don't know","don't know","no","25","7","none","campus","Pevensey 1 1B4","majority artificial","19","female","","no","don't know",""
"274","uCF2bSWkoRexiZCjF0ejNWEI","no","N/A","iPhone XS","IOS 15","ios","Safari","no","","light","yes","no","no","36","3","none","campus","","completely natural","21","male","","yes","no",""
"275","uIwSa0x14hlG1GgdbYOLPUQ9","yes","Apple","13","17.6.1","ios","Safari ","no","","light","yes","don't know","no","17","5","none","campus","Ashdown","completely natural","19","female","","no","don't know",""
"276","UkXXCkz4LR3NbgB76wqFJXB9","yes","iphone","iPhone 13","iOS 17.6.1","ios","Google","no","","dark","no","don't know","no","14","6","none","campus","Pevensey 1B4","majority artificial","19","female","","no","don't know",""
"277","UnaSi1pevYghlxIjsDOCnktH","yes","iphone","iphone 11","17.6.1","ios","Chrome","no","","dark","yes","no","no","32","5","none","campus","AH-G4","completely artificial","19","female","","no","yes","yes"
"278","UnlfthWoSf0SfVPER5AWAlJ3","yes","Apple","iPhone 13 Pro","iOS 17.7","ios","Safari","no","","dark","yes","don't know","no","28","5","none","campus","Ashdown House G4","majority artificial","19","male","","no","yes","yes"
"279","uNqP0eDtKdTlCu9bYcpzdEMB","yes","iPhone ","13","17.6.1","ios","Safari ","no","","light","yes","no","no","26","6","none","campus","Ashdown house AH-G4","completely artificial","20","female","","no","don't know",""
"280","uOzCjXKtFubpwy7fUu3QwhBB","yes","iPhone","Iphone 14 max","iOS 17.6.1","ios","Safari","no","","don't know","no","don't know","no","1","6","none","campus","Pevensey 1 1B4","majority artificial","19","male","","no","yes","yes"
"281","uQKsPtEB0NkYx5hT2viwVpcr","yes","I phone","13 pro","iOS 17.6.1","ios","Safari ","no","","light","yes","no","yes","4","5","none","campus","SB 325","completely artificial","20","female","","no","don't know",""
"282","uuFaKZwE5c9OG4EGpuE1YEUW","yes","iPhone 14","MPV03ZD/A","17.6.1","ios","Safari","no","","dark","yes","no","no","9","12","none","campus","AH-G4","majority artificial","20","non-binary","","no","no",""
"283","uUKOg8WczFnmzj4RJ2Wjxy2T","yes","Apple ","iPhone 15","17.6.1","ios","Safari","no","","light","yes","don't know","no","2","4","none","campus","Pevensey 1B04","majority artificial","20","female","","no","don't know",""
"284","UvBIRR4FjEqKpcTzm88l7uyX","yes","iPhone ","IPhone 14 Pro Max ","17.6.1","ios","Safari","no","","dark","yes","don't know","no","35","2","none","campus","Pevensey 1 1B4","majority artificial","21","female","","no","yes","yes"
"285","uXJPnNxG9XqeqU2EXEnhgWj4","yes","apple","i phone 13","17.5.1","ios","safari","no","","dark","yes","don't know","no","28","10","none","campus","Pevensy 1B4","majority artificial","19","male","","no","don't know",""
"286","uXKsoaKgbzQEmeyIYPc6yLZm","yes","Apple","iPhone 13 Pro Max","17.6.1","ios","Safari","don't know","","dark","yes","don't know","no","24","4","none","campus","silverstone sb 325","completely artificial","20","female","","no","yes","yes"
"287","uz4W1OBUNFEqtotFEaT962JW","yes","Iphone 13","MLPF3B/A","IOS 17.6.1","ios","Safari","no","","dark","yes","don't know","no","4","9","none","campus","Pevensy 1B4","majority artificial","19","female","","no","don't know",""
"288","UzQer5JRnE7OEs2jmyBeg6pb","yes","iPhone ","I Phone 12","17","ios","Safari","no","","dark","yes","no","no","27","3","none","campus","Pevensey 1 1B4","majority artificial","20","female","","no","no",""
"289","VBDphY4Tr7J9LpSv5hyCTAgl","yes","iPhone","iPhone 13","17.6.1","ios","Google","yes","no","dark","yes","yes","no","33","5","none","campus","AH-G4","majority artificial","19","female","","no","don't know",""
"290","vEMNbpEoS1BGfkjobJ1JLWZQ","yes","Samsung","Galaxy S23 FE","SMR Aug-2024 Release 1","android","Chrome","yes","yes","light","yes","don't know","don't know","9","4","none","campus","Ashdown House AH G4","majority artificial","19","male","","no","",""
"291","VI7RK71hF7sTBFePBk9d1boI","yes","iphone 12","MGJ73B/A","N/A","ios","safiri ","no","","light","yes","don't know","no","24","7","none","campus","1b4","majority natural","19","female","","no","don't know",""
"292","viu05jHHWv3ZwMmcvlTqRECM","no","Apple","9","16.3.1","ios","Google","don't know","","don't know","don't know","don't know","don't know","24","3","none","campus","","majority artificial","19","male","","no","don't know",""
"293","VsYc8EnWqvVCbkNpPI9DOJ9S","yes","apple ","iphone 14 pro ","ios 17.6.1","ios","Chrome","no","","dark","no","no","no","18","5","none","campus","pevancy 1B4","majority artificial","21","male","","no","yes","no"
"294","VV9ZvWU0k9aNgC1gtRmG5yMO","yes","Samsung","Z-flip 3","14","android","firefox","no","","dark","no","don't know","no","3","8","none","campus","Silverstone 325","completely artificial","20","female","","no","",""
"295","VWlUrbcFLeAlLKh4XEgnt0Ji","yes","iPhone 11","MHDA3B/A","MHDA3B/A","ios","Safari","no","","dark","yes","don't know","no","24","6","none","campus","Pevensey 1 1B4","majority artificial","19","female","","no","don't know",""
"296","vX60aO8YrnhnydhzTEZmmcmM","yes","iPhone ","12","MGJ93B/A","ios","Safari ","no","","light","yes","don't know","no","24","5","none","campus","Pevensy 1b8","majority artificial","20","female","","no","don't know",""
"297","W2V0IzM77iGZ2v7T15qvqQVy","yes","iPhone ","14 pro","Not sure ","ios","Safari","no","","light","no","no","no","15","6","none","home","","majority artificial","19","female","","no","don't know",""
"298","W4VtJQhkT4LQC8kiaNoBV7Ml","no","iphone ","XR","ios16.1.2","ios","google chrome ","don't know","","light","no","no","no","13","5","none","campus","ashdown house AH-G4","majority artificial","20","male","","no","don't know",""
"299","w9Y2zesAe7CbBUvoDPFWgIVi","yes","iphone 11 pro ","MWC22QL/A","17.6.1","ios","safari ","no","","dark","yes","don't know","don't know","24","5","night shift mode ","campus","AH-G4","majority artificial","19","female","","no","no",""
"300","wDIBviij7oh89Bom8wwgwi6f","yes","12","MJN23LL/A","17.6.1","ios","safari","no","","light","don't know","don't know","no","8","3","none","campus","pevensey 1b5","majority artificial","20","female","","no","don't know",""
"301","wgY8GPzGSz5aWZ3joCVwZpcu","yes","S22 ultra","SM-S908B/DS","14","android","Samsung internet","no","","light","yes","no","no","15","8","none","campus","Pevensey 1B4","majority artificial","20","non-binary","","no","",""
"302","WkbDLQrPtSYPC9Pz0v3eeOPW","yes","iphone 13","MNGK3B/A","N/A","ios","safari","no","","dark","no","no","no","18","6","none","campus","Pevensey 1B5","completely artificial","20","female","","no","don't know",""
"303","wKUSxLhuKkxMUdroe4VM4NQr","yes","iPhone 14 ","MPWA3ZD/A","iOS 18 ","ios","Safari ","don't know","","dark","yes","yes","no","14","4","none","campus","Room 1B4 ","majority artificial","19","female","","no","no",""
"304","Wq3u8UoDzjIRIL4bvPdjEYbo","yes","Iphone","MGHN3J/A","17.6.1","ios","Safari","no","","light","don't know","don't know","no","24","4","none","campus","1b04","majority artificial","23","female","","no","no",""
"305","WUbKDRbQKJYuxmCaCY2y3NQF","yes","iphone 13 ","MLPF3B/A","17.6.1","ios","safari ","no","","light","yes","don't know","no","4","7","none","campus","Pevensy 1B4","majority artificial","19","female","","no","don't know",""
"306","x4RXeBIRk9vGjk2bGQs67PTJ","yes","iPhone ","SE","iOS 16.6.1","ios","Safari","no","","light","yes","no","no","36","4","none","campus","Pevensey 1 1b04","majority artificial","20","female","","no","don't know",""
"307","xEsFzzNrDT9gCibqZfCiInHM","no","N/A","N/A","N/A","ios","N/A","don't know","","dark","yes","yes","no","18","5","none","campus","Practical computer room","majority artificial","19","male","","no","don't know",""
"308","XG9Je96LYRQNnH8efeokMMri","yes","Google pixel 8","pixel 8","android 14","android","chrome ","don't know","","dark","no","don't know","no","9","5","none","campus","","completely artificial","20","female","","no","",""
"309","xh6KDrhDQygnJknavrQ9J4kr","yes","iphone","iPhone 12 Pro","18.0","ios","google chrome","don't know","","dark","yes","don't know","don't know","36","5","none","campus","AH-G4","majority artificial","19","female","","no","don't know",""
"310","xiebOVfzxR1gohxDUFxMkSFP","yes","Iphone ","12 pro","iOS 17.6.1 (21G93)","ios","Safari","no","","light","yes","don't know","no","24","5","none","campus","Ashdown G4","majority artificial","20","female","","no","no",""
"311","xin8CHJt9WfdIjGOGe4P0ZJW","yes","Samsung","Galaxy S20+ 5G","13","android","Chrome","yes","no","light","yes","don't know","no","25","6","none","campus","Pevensey 1 1B4","majority artificial","20","non-binary","","no","",""
"312","Xr2GPVhWfs9KJH4ULp0Sjqn1","yes","apple ","iPhone 13 mini","iOS 17.6.1 (21G93)","ios","Safari","no","","light","yes","don't know","no","13","4","none","campus","Ashdown House G4","majority artificial","19","female","","no","don't know",""
"313","XraEnxEbuM3CDwC6qW1SKPAn","yes","iphone ","iphone 14","ios 17.6.1","ios","safari ","no","","dark","no","don't know","no","9","4","none","campus","Peveny 1B04","majority natural","20","female","","no","don't know",""
"314","xZ8rfrfFEgAaVYmBNFj96Gq2","yes","I phone ","MQ503ZD/A.      ","iOS 17.5.1 (21F90) in","ios","Google ","don't know","","light","yes","don't know","no","12","6","none","campus","Ashdown House G4","majority artificial","19","female","","no","yes","no"
"315","Y0N7rC5AovSwLwwX5qJsFDnM","yes","Apple","iPhone 12 Pro max","17.6.1","ios","Safari","no","","dark","no","don't know","no","24","5","none","campus","Silverstone SB325","completely artificial","21","female","","no","don't know",""
"316","y1WsBzbckoolySQeYi5cTdJP","yes","Iphone ","MHDA3B/A","17.5.1","ios","Safari","no","","light","yes","don't know","no","44","4","none","campus","Silverstone sb 325","completely artificial","19","female","","no","don't know",""
"317","y8SMANuS3aNpWFIH4Hko4UyT","yes","iPhone ","Iphone 13","MLPG3B/A","ios","Chrome ","no","","dark","yes","don't know","no","9","10","none","campus","Pevensey 1 1B04","majority artificial","20","female","","no","yes","yes"
"318","YcTCf0r0igNZAzvi4XuooN4f","yes","Apple","iPhone 12 pro","17.5.1","ios","Safari ","no","","light","yes","no","no","36","5","none","campus","Pervensy B4 ","majority natural","20","female","","no","don't know",""
"319","YD15OKHR3TTD6WABIyQ8GHYP","yes","i phone","MTP13ZD/A","iOS 17.6.1","ios","safari","yes","no","light","yes","don't know","no","3","5","none","campus","pevensey 1 1B4","majority artificial","20","female","","no","yes","yes"
"320","YE2wbqSzdcZWoJuI0q7KWwES","no","apple","iphone 13","ios","ios","safari","no","","light","no","no","no","24","4","none","campus","","majority artificial","21","female","","no","don't know",""
"321","YfLcBv2xR4IWk8ubEBTgGOGK","yes","Iphone","MTP43ZD/A","17.6.1","ios","safari","don't know","","dark","yes","don't know","no","10","5","none","campus","B104","majority artificial","19","female","","no","don't know",""
"322","yg7Nr8V0gY1MWQOJ2PDjqqTe","yes","iPhone ","11","iOS 17.6.1 (21G93)","ios","Google","no","","light","yes","don't know","no","33","6","none","campus","SB 325","completely artificial","19","female","","no","don't know",""
"323","yK0CMFu0a3NtGYwvTpyhHGRp","yes","iPhone","11","IOS 17.6","ios","Safari","no","","don't know","yes","don't know","no","49","5","none","campus","325","completely artificial","20","male","","no","no",""
"324","ymSqLc8O7DnwvgbMJa3dEF19","yes","Apple","iPhone 13","iOS 17.6.1","ios","Safari","don't know","","other","yes","don't know","don't know","48","7","none","campus","Pevensey 1 1B4","majority artificial","21","female","","no","don't know",""
"325","ypfUMdON9Zk539s2kL5507QH","yes","iPhone","iPhone 15","iOS 17.6.1","ios","Safari","no","","light","yes","don't know","no","7","8","none","campus","Pevensey 1 1B4","majority artificial","19","female","","no","don't know",""
"326","Yrhn69aK4ROwhNWCYeCrS6DJ","yes","iPhone 11","MHDA3B/A","17.6.1","ios","Safari","no","","light","yes","don't know","don't know","9","2","none","home","","majority artificial","20","female","","no","don't know",""
"327","YRmMLwcn9olbWusOCATGB04s","yes","APPLE","iPhone 12","iOS 17.6.1","ios","Safari","no","","dark","no","no","no","36","5","none","campus","1B4","majority artificial","19","female","","no","no",""
"328","Ysh4P0A9FBW3nN2bT64mJcA1","yes","Apple iPhone ","13 mini","17.5.1","ios","Safari","no","","dark","don't know","don't know","no","24","6","none","campus","Pevensey 1 1B4","majority artificial","20","female","","no","yes","yes"
"329","ysnIafoQSphaooEt50lo7bfe","yes","Apple ","I phone XS ","A2097","ios","Safari ","no","","light","yes","don't know","no","9","3","none","campus","Silverstone 325 ","completely artificial","20","female","","no","don't know",""
"330","yTnqrwJIaLUS8Pf6zPrYtiGc","yes","Apple","MPV03ZD/A","17.5.1","ios","Safari","no","","light","yes","don't know","no","18","6","none","campus","S1B4","majority artificial","20","female","","no","no",""
"331","ytqaC3f5L5ZUBls7JsXejZUR","yes","Motorola ","G8 lite","Android version 10","android","Chrome ","no","","light","yes","don't know","no","24","6","none","campus","Penvensy 1 b4","majority natural","21","female","","no","",""
"332","YzFaPgCYpDbRFvrRo9Zrxip3","yes","Iphone 15","A3090","17.5.1","ios","Safari","no","","dark","yes","don't know","no","6","5","none","campus","Pevensy 1B08","majority artificial","20","female","","no","no",""
"333","z81SjsdLVjnzSvu0bMDfShuV","yes","Samsung ","A52s","Android","android","Chrome","no","","dark","yes","no","no","24","6","none","campus","B4","majority artificial","19","male","","no","",""
"334","Z8D2gTqvDBxlEdNeb6zL9HKP","yes","Apple","IPhone SE ","17.4.1","ios","Safari","no","","light","no","no","no","12","10","none","campus","11B4","majority artificial","25","female","","no","don't know",""
"335","zD2CZdcVC0SyDhyXwrKnQb6S","yes","iPhone 11","MWLX2B/A","G0NC1BD8N739","ios","chrome","no","","dark","yes","don't know","no","52","8","none","campus","Pev 1 1B4","majority artificial","23","female","","no","don't know",""
"336","zd2qDSgCpwVdaXCMgcEZ4ab9","yes","I phone 12","MGJD3HN/A","iOS 18","ios","Safari ","no","","light","yes","don't know","no","24","7","none","campus","SB 325","completely artificial","19","female","","no","don't know",""
"337","ZE3B0NuWhhpbqwrc8AYoBiNq","yes","iphone 14","iphone 14","iOS 17.6.1 ","ios","Safari","don't know","","dark","yes","no","no","15","7","privacy screen ","campus","Pevensey 1B05","majority natural","19","female","","no","no",""
"338","ZIOFeRWmE9mwzEhwKz0CCgfL","yes","iPhone","IPhone 11","17.6.1","ios","Safari","no","","dark","yes","don't know","no","36","2","none","campus","Pevency 1b4","majority artificial","19","male","","no","yes","yes"
"339","ZjTmBYLSsxwoXtpN24EentFr","yes","iPhone 13","MNGK3B/A","VQX154HXPP","ios","safari","no","","dark","yes","don't know","no","6","5","none","campus","1B04","majority artificial","20","female","","no","don't know",""
"340","ZJZISOkQgdrixvtrpfBS7BAV","yes","iphone","iPhone Xs Max","17.6.1","ios","safari","no","","dark","yes","don't know","no","24","7","none","campus","AH-G4","completely artificial","20","female","","no","no",""
"341","znzgJse9eIq2ptZbqYd1OV73","yes","Android Google Pixel 6a","Google Pixel 6a ","Android 14","android","Google/ Chrome ","no","","light","yes","don't know","no","24","4","none","campus","","majority artificial","19","female","","no","",""
"342","ZTaI9G7UZ0xzluJS5qkau5Kh","yes","iPhone","iPhone 14 Pro","18.0","ios","Safari","no","","dark","yes","don't know","no","12","8","none","campus","1B03","majority artificial","20","female","","no","yes","no"
"343","zvvPrH9ohIPzTm0RqxD5USZj","yes","Landscape ","Iphone 15","17.6.1","ios","Safari","no","","light","yes","yes","no","6","11","none","campus","Pevensey b014","majority artificial","19","female","","no","yes","yes"
"344","ZYsnotG897wOzVbbRLWSwU4Z","yes","iPhone X","iOS 17.6.1 (21G93)","Canâ€™t find ","ios","Google chrome ","don't know","","other","yes","don't know","no","24","9","none","campus","Silverstone 325","completely artificial","21","non-binary","","no","don't know",""
"345","ZzLMjcrnROhsBe8N0vzQG1ub","yes","iPhone","11","IOS 17.6.1","ios","Safari","yes","yes","dark","yes","don't know","no","13","5","none","campus","AH-G4","majority artificial","19","male","","no","don't know",""
